index,File,Folder,LightDark,Loop,Path,Pixel,Sample,Scan,Scan Direction,Solar Simulator,User Initials,Voc,Jsc,FF,PCE,Vmpp,Jmpp,Rs,Rsh,Voltage (V),Current Density (mA/cm^2),PCE Hyst,FF Hyst,Jsc Hyst,Voc Hyst,Jmpp Hyst,Vmpp Hyst,Rs Hyst,Rsh Hyst
0,RCB_IJ24_rev_lt_lp1_pXF_4.txt,all,lt,lp1,"['', 'Users', 'rbramant', 'Documents', 'Scripts', 'python', '8-13GuiAnalysis', 'data', 'all']",pXF,IJ24,4,rev,SERFC215 racetrack sim,RCB,0.911921080040399,16.8277,57.1317,8.7672,0.6408,13.6816,7.890417876530748,2375.5824745490454,"[ 1.3   1.29  1.28  1.27  1.26  1.25  1.24  1.23  1.22  1.21  1.2   1.19
  1.18  1.17  1.16  1.15  1.14  1.13  1.12  1.11  1.1   1.09  1.08  1.07
  1.06  1.05  1.04  1.03  1.02  1.01  1.    0.99  0.98  0.97  0.96  0.95
  0.94  0.93  0.92  0.91  0.9   0.89  0.88  0.87  0.86  0.85  0.84  0.83
  0.82  0.81  0.8   0.79  0.78  0.77  0.76  0.75  0.74  0.73  0.72  0.71
  0.7   0.69  0.68  0.67  0.66  0.65  0.64  0.63  0.62  0.61  0.6   0.59
  0.58  0.57  0.56  0.55  0.54  0.53  0.52  0.51  0.5   0.49  0.48  0.47
  0.46  0.45  0.44  0.43  0.42  0.41  0.4   0.39  0.38  0.37  0.36  0.35
  0.34  0.33  0.32  0.31  0.3   0.29  0.28  0.27  0.26  0.25  0.24  0.23
  0.22  0.21  0.2   0.19  0.18  0.17  0.16  0.15  0.14  0.13  0.12  0.11
  0.1   0.09  0.08  0.07  0.06  0.05  0.04  0.03  0.02  0.01  0.   -0.01
 -0.02 -0.03 -0.04 -0.05 -0.06 -0.07 -0.08 -0.09 -0.1  -0.11 -0.12 -0.13
 -0.14 -0.15 -0.16 -0.17 -0.18 -0.19 -0.2 ]","[-137.13    -137.036   -132.297   -126.718   -121.127   -115.642
 -110.253   -105.029    -99.9113   -94.9479   -90.1386   -85.3768
  -80.757    -76.2674   -71.8607   -67.5134   -63.3438   -59.1978
  -55.1467   -51.2494   -47.4233   -43.7867   -40.1857   -36.7031
  -33.3862   -30.1524   -27.0724   -24.0755   -21.268    -18.603
  -16.0796   -13.675    -11.4244    -9.33949   -7.40866   -5.56091
   -3.92608   -2.44531   -1.02389    0.24347    1.42824    2.48243
    3.46566    4.38953    5.20707    5.90591    6.60475    7.24449
    7.80114    8.35804    8.87907    9.30565    9.74384   10.1704
   10.5258    10.8574    11.2127    11.5327    11.8525    12.0894
   12.3619    12.5869    12.8357    13.0489    13.2739    13.4754
   13.7005    13.8427    14.0084    14.2099    14.3165    14.4703
   14.6125    14.7309    14.8969    14.9916    15.11      15.2285
   15.3232    15.4419    15.5129    15.6194    15.6788    15.7498
   15.7854    15.8564    15.9157    15.9867    16.0695    16.1407
   16.1645    16.2354    16.2354    16.2829    16.3539    16.3895
   16.4133    16.4367    16.4842    16.4842    16.5317    16.5317
   16.5433    16.6145    16.6502    16.6264    16.6736    16.6618
   16.6618    16.6974    16.7567    16.733     16.7449    16.7686
   16.7567    16.7921    16.7805    16.7921    16.7686    16.7921
   16.7805    16.8396    16.8158    16.8396    16.8158    16.8396
   16.8514    16.8396    16.8277    16.8396    16.8277    16.8158
   16.8277    16.8277    16.8277    16.8752    16.8989    16.8752
   16.8989    16.8277    16.8752    16.8871    16.8989    16.8752
   16.8989    16.8752    16.9105    16.8871    16.8989    16.9105
   16.9224 ]",,,,,,,,
1,RCB_IJ24_rev_lt_lp1_pXF_3.txt,all,lt,lp1,"['', 'Users', 'rbramant', 'Documents', 'Scripts', 'python', '8-13GuiAnalysis', 'data', 'all']",pXF,IJ24,3,rev,SERFC215 racetrack sim,RCB,0.9096567153153724,16.8871,57.2868,8.8001,0.6604,13.3254,7.340432755213091,2286.6135900759296,"[ 1.3   1.29  1.28  1.27  1.26  1.25  1.24  1.23  1.22  1.21  1.2   1.19
  1.18  1.17  1.16  1.15  1.14  1.13  1.12  1.11  1.1   1.09  1.08  1.07
  1.06  1.05  1.04  1.03  1.02  1.01  1.    0.99  0.98  0.97  0.96  0.95
  0.94  0.93  0.92  0.91  0.9   0.89  0.88  0.87  0.86  0.85  0.84  0.83
  0.82  0.81  0.8   0.79  0.78  0.77  0.76  0.75  0.74  0.73  0.72  0.71
  0.7   0.69  0.68  0.67  0.66  0.65  0.64  0.63  0.62  0.61  0.6   0.59
  0.58  0.57  0.56  0.55  0.54  0.53  0.52  0.51  0.5   0.49  0.48  0.47
  0.46  0.45  0.44  0.43  0.42  0.41  0.4   0.39  0.38  0.37  0.36  0.35
  0.34  0.33  0.32  0.31  0.3   0.29  0.28  0.27  0.26  0.25  0.24  0.23
  0.22  0.21  0.2   0.19  0.18  0.17  0.16  0.15  0.14  0.13  0.12  0.11
  0.1   0.09  0.08  0.07  0.06  0.05  0.04  0.03  0.02  0.01  0.   -0.01
 -0.02 -0.03 -0.04 -0.05 -0.06 -0.07 -0.08 -0.09 -0.1  -0.11 -0.12 -0.13
 -0.14 -0.15 -0.16 -0.17 -0.18 -0.19 -0.2 ]","[-1.40247e+02 -1.40531e+02 -1.35781e+02 -1.30131e+02 -1.24492e+02
 -1.18866e+02 -1.13393e+02 -1.08027e+02 -1.02838e+02 -9.77208e+01
 -9.27693e+01 -8.79126e+01 -8.31624e+01 -7.85188e+01 -7.39936e+01
 -6.95872e+01 -6.53464e+01 -6.11056e+01 -5.69833e+01 -5.29794e+01
 -4.91059e+01 -4.52914e+01 -4.16429e+01 -3.80891e+01 -3.47131e+01
 -3.13965e+01 -2.82218e+01 -2.52012e+01 -2.22989e+01 -1.95624e+01
 -1.69209e+01 -1.44688e+01 -1.21588e+01 -9.99110e+00 -7.97743e+00
 -6.15317e+00 -4.43549e+00 -2.87188e+00 -1.40298e+00 -4.06625e-02
  1.14385e+00  2.24553e+00  3.28811e+00  4.21198e+00  5.04114e+00
  5.82307e+00  6.49817e+00  7.16165e+00  7.75391e+00  8.26333e+00
  8.80835e+00  9.29403e+00  9.76784e+00  1.01469e+01  1.05142e+01
  1.08814e+01  1.12486e+01  1.15327e+01  1.18527e+01  1.21134e+01
  1.23856e+01  1.26225e+01  1.28594e+01  1.31082e+01  1.33335e+01
  1.34873e+01  1.36889e+01  1.38783e+01  1.40680e+01  1.42218e+01
  1.43640e+01  1.45062e+01  1.46365e+01  1.47549e+01  1.48971e+01
  1.50156e+01  1.51103e+01  1.52406e+01  1.53353e+01  1.54538e+01
  1.55012e+01  1.56316e+01  1.57025e+01  1.57972e+01  1.58210e+01
  1.59276e+01  1.59869e+01  1.60107e+01  1.60579e+01  1.61054e+01
  1.61526e+01  1.62120e+01  1.62713e+01  1.63185e+01  1.63423e+01
  1.63660e+01  1.63898e+01  1.64370e+01  1.64607e+01  1.64963e+01
  1.65436e+01  1.65436e+01  1.65792e+01  1.65911e+01  1.66148e+01
  1.66502e+01  1.66739e+01  1.66620e+01  1.66976e+01  1.66739e+01
  1.67214e+01  1.67332e+01  1.67451e+01  1.67570e+01  1.67805e+01
  1.67805e+01  1.67923e+01  1.68042e+01  1.67923e+01  1.68042e+01
  1.68398e+01  1.68280e+01  1.68398e+01  1.68517e+01  1.68161e+01
  1.68636e+01  1.68161e+01  1.68398e+01  1.68280e+01  1.68517e+01
  1.68871e+01  1.68517e+01  1.68636e+01  1.68871e+01  1.68398e+01
  1.68517e+01  1.68636e+01  1.68636e+01  1.68871e+01  1.69108e+01
  1.68636e+01  1.68754e+01  1.68989e+01  1.69108e+01  1.69108e+01
  1.69108e+01  1.69227e+01  1.69108e+01  1.69464e+01  1.69464e+01
  1.69227e+01]",,,,,,,,
2,RCB_IJ23_rev_lt_lp1_pXF_2.txt,all,lt,lp1,"['', 'Users', 'rbramant', 'Documents', 'Scripts', 'python', '8-13GuiAnalysis', 'data', 'all']",pXF,IJ23,2,rev,SERFC215 racetrack sim,RCB,0.9066572804199602,16.8871,58.0065,8.8813,0.6799,13.0626,6.97694538168078,2607.5894577375075,"[ 1.3   1.29  1.28  1.27  1.26  1.25  1.24  1.23  1.22  1.21  1.2   1.19
  1.18  1.17  1.16  1.15  1.14  1.13  1.12  1.11  1.1   1.09  1.08  1.07
  1.06  1.05  1.04  1.03  1.02  1.01  1.    0.99  0.98  0.97  0.96  0.95
  0.94  0.93  0.92  0.91  0.9   0.89  0.88  0.87  0.86  0.85  0.84  0.83
  0.82  0.81  0.8   0.79  0.78  0.77  0.76  0.75  0.74  0.73  0.72  0.71
  0.7   0.69  0.68  0.67  0.66  0.65  0.64  0.63  0.62  0.61  0.6   0.59
  0.58  0.57  0.56  0.55  0.54  0.53  0.52  0.51  0.5   0.49  0.48  0.47
  0.46  0.45  0.44  0.43  0.42  0.41  0.4   0.39  0.38  0.37  0.36  0.35
  0.34  0.33  0.32  0.31  0.3   0.29  0.28  0.27  0.26  0.25  0.24  0.23
  0.22  0.21  0.2   0.19  0.18  0.17  0.16  0.15  0.14  0.13  0.12  0.11
  0.1   0.09  0.08  0.07  0.06  0.05  0.04  0.03  0.02  0.01  0.   -0.01
 -0.02 -0.03 -0.04 -0.05 -0.06 -0.07 -0.08 -0.09 -0.1  -0.11 -0.12 -0.13
 -0.14 -0.15 -0.16 -0.17 -0.18 -0.19 -0.2 ]","[-136.657    -140.269    -137.048    -132.274    -127.038    -121.743
 -116.436    -111.224    -106.071    -101.037     -96.0971    -91.2522
  -86.4783    -81.7993    -77.2269    -72.6901    -68.3191    -63.9954
  -59.8138    -55.668     -51.676     -47.7193    -43.988     -40.3278
  -36.7859    -33.3862    -30.0458    -26.8829    -23.8623    -20.9839
  -18.2239    -15.6533    -13.2486    -11.0097     -8.86569    -6.89924
   -5.08685    -3.39292    -1.85305    -0.419758    0.83598     2.04424
    3.07469     4.04604     4.94643     5.76372     6.47443     7.20888
    7.78927     8.36991     8.87907     9.40036     9.85043    10.2533
   10.6561     11.0589     11.3549     11.6747     11.9591     12.2553
   12.516      12.7764     13.0607     13.2148     13.428      13.6293
   13.8071     14.0202     14.1505     14.3165     14.4703     14.6125
   14.7428     14.8494     15.0153     15.11       15.2047     15.3116
   15.3825     15.4891     15.6194     15.6551     15.726      15.8089
   15.8801     15.9276     15.9748     16.0695     16.1526     16.188
   16.2592     16.2473     16.2948     16.342      16.3895     16.4014
   16.4486     16.4961     16.5433     16.5317     16.5552     16.5671
   16.6027     16.6145     16.6383     16.6502     16.6618     16.7093
   16.7211     16.7093     16.7211     16.733      16.7805     16.7567
   16.804      16.7686     16.7805     16.7805     16.8277     16.7921
   16.8277     16.8277     16.804      16.8396     16.8158     16.8633
   16.8158     16.8633     16.8514     16.8633     16.8871     16.8396
   16.8277     16.8514     16.8871     16.8871     16.8277     16.8989
   16.8989     16.8633     16.8989     16.9105     16.8989     16.8989
   16.9105     16.8871     16.8871     16.8871     16.8752     16.9343
   16.9105  ]",,,,,,,,
3,RCB_IJ23_rev_lt_lp1_pXE_3.txt,all,lt,lp1,"['', 'Users', 'rbramant', 'Documents', 'Scripts', 'python', '8-13GuiAnalysis', 'data', 'all']",pXE,IJ23,3,rev,SERFC215 racetrack sim,RCB,0.672416426346272,17.1358,51.7644,5.9645,0.4592,12.9889,10.42227949843823,469.7813614720321,"[ 1.3   1.29  1.28  1.27  1.26  1.25  1.24  1.23  1.22  1.21  1.2   1.19
  1.18  1.17  1.16  1.15  1.14  1.13  1.12  1.11  1.1   1.09  1.08  1.07
  1.06  1.05  1.04  1.03  1.02  1.01  1.    0.99  0.98  0.97  0.96  0.95
  0.94  0.93  0.92  0.91  0.9   0.89  0.88  0.87  0.86  0.85  0.84  0.83
  0.82  0.81  0.8   0.79  0.78  0.77  0.76  0.75  0.74  0.73  0.72  0.71
  0.7   0.69  0.68  0.67  0.66  0.65  0.64  0.63  0.62  0.61  0.6   0.59
  0.58  0.57  0.56  0.55  0.54  0.53  0.52  0.51  0.5   0.49  0.48  0.47
  0.46  0.45  0.44  0.43  0.42  0.41  0.4   0.39  0.38  0.37  0.36  0.35
  0.34  0.33  0.32  0.31  0.3   0.29  0.28  0.27  0.26  0.25  0.24  0.23
  0.22  0.21  0.2   0.19  0.18  0.17  0.16  0.15  0.14  0.13  0.12  0.11
  0.1   0.09  0.08  0.07  0.06  0.05  0.04  0.03  0.02  0.01  0.   -0.01
 -0.02 -0.03 -0.04 -0.05 -0.06 -0.07 -0.08 -0.09 -0.1  -0.11 -0.12 -0.13
 -0.14 -0.15 -0.16 -0.17 -0.18 -0.19 -0.2 ]","[-191.739    -196.749    -194.179    -189.488    -184.039    -178.4
 -172.75     -167.159    -161.509    -155.977    -150.54     -145.173
 -139.831    -134.56     -129.419    -124.349    -119.338    -114.47
 -109.684    -104.993    -100.326     -95.9074    -91.5601    -87.2958
  -83.1379    -79.1103    -75.2132    -71.4819    -67.7859    -64.2677
  -60.8917    -57.646     -54.5069    -51.4982    -48.6435    -45.8835
  -43.2063    -40.6713    -38.2783    -35.9211    -33.7059    -31.5263
  -29.4889    -27.5343    -25.6272    -23.8148    -22.0737    -20.3679
  -18.6977    -17.1341    -15.6295    -14.1369    -12.7155    -11.3532
  -10.003      -8.67626    -7.40866    -6.21227    -5.05149    -3.93795
   -2.83627    -1.74647    -0.727631    0.231852    1.20321     2.12708
    2.97998     3.84475     4.6383      5.39649     6.15469     6.84165
    7.50513     8.12113     8.76087     9.31752     9.81507    10.2889
   10.7864     11.2484     11.6393     12.0184     12.35       12.6463
   12.966      13.2385     13.5227     13.7715     14.0202     14.198
   14.3993     14.5534     14.7309     14.8969     15.0747     15.1931
   15.3469     15.4654     15.5603     15.6788     15.7735     15.8801
   15.9867     16.0695     16.1407     16.2236     16.3183     16.3895
   16.4486     16.508      16.5552     16.6145     16.6855     16.7686
   16.7686     16.804      16.8633     16.8871     16.8871     16.958
   16.9462     16.9936     16.9936     17.0293     17.0646     17.0646
   17.1002     17.1002     17.1358     17.1358     17.1358     17.1593
   17.1949     17.1712     17.2187     17.2068     17.2305     17.2424
   17.2543     17.2662     17.2896     17.3371     17.349      17.3846
   17.42       17.3965     17.4318     17.4437     17.4674     17.5503
   17.6096  ]",,,,,,,,
4,RCB_IJ23_rev_lt_lp1_pXE_2.txt,all,lt,lp1,"['', 'Users', 'rbramant', 'Documents', 'Scripts', 'python', '8-13GuiAnalysis', 'data', 'all']",pXE,IJ23,2,rev,SERFC215 racetrack sim,RCB,0.6837425840950005,17.1121,50.6916,5.9311,0.4607,12.874,10.68381775543662,422.5693069264582,"[ 1.3   1.29  1.28  1.27  1.26  1.25  1.24  1.23  1.22  1.21  1.2   1.19
  1.18  1.17  1.16  1.15  1.14  1.13  1.12  1.11  1.1   1.09  1.08  1.07
  1.06  1.05  1.04  1.03  1.02  1.01  1.    0.99  0.98  0.97  0.96  0.95
  0.94  0.93  0.92  0.91  0.9   0.89  0.88  0.87  0.86  0.85  0.84  0.83
  0.82  0.81  0.8   0.79  0.78  0.77  0.76  0.75  0.74  0.73  0.72  0.71
  0.7   0.69  0.68  0.67  0.66  0.65  0.64  0.63  0.62  0.61  0.6   0.59
  0.58  0.57  0.56  0.55  0.54  0.53  0.52  0.51  0.5   0.49  0.48  0.47
  0.46  0.45  0.44  0.43  0.42  0.41  0.4   0.39  0.38  0.37  0.36  0.35
  0.34  0.33  0.32  0.31  0.3   0.29  0.28  0.27  0.26  0.25  0.24  0.23
  0.22  0.21  0.2   0.19  0.18  0.17  0.16  0.15  0.14  0.13  0.12  0.11
  0.1   0.09  0.08  0.07  0.06  0.05  0.04  0.03  0.02  0.01  0.   -0.01
 -0.02 -0.03 -0.04 -0.05 -0.06 -0.07 -0.08 -0.09 -0.1  -0.11 -0.12 -0.13
 -0.14 -0.15 -0.16 -0.17 -0.18 -0.19 -0.2 ]","[-173.899    -180.45     -179.798    -176.612    -172.395    -167.657
 -162.776    -157.86     -152.838    -147.815    -142.887    -137.948
 -133.044    -128.199    -123.46     -118.699    -114.091    -109.435
 -104.981    -100.598     -96.1918    -91.9154    -87.7696    -83.6473
  -79.6553    -75.8055    -72.0504    -68.3544    -64.8009    -61.3655
  -58.0726    -54.8504    -51.7588    -48.8329    -45.9782    -43.2654
  -40.6001    -38.1126    -35.7552    -33.4218    -31.2303    -29.1217
  -27.0843    -25.1653    -23.2701    -21.5049    -19.8347    -18.1526
  -16.6128    -15.061     -13.6277    -12.1942    -10.844      -9.54078
   -8.23782    -7.06517    -5.89253    -4.74337    -3.66543    -2.59937
   -1.55704    -0.585691    0.350304    1.25043     2.15082     2.95624
    3.7854      4.53172     5.28991     5.96501     6.67597     7.29197
    7.87236     8.41714     8.96216     9.50694     9.99262    10.3836
   10.8574     11.2009     11.5681     11.9118     12.2553     12.5751
   12.8951     13.132      13.4042     13.5939     13.8189     14.0558
   14.269      14.3993     14.6009     14.7547     14.8731     15.0272
   15.1813     15.3234     15.4654     15.5485     15.6551     15.7616
   15.892      16.0223     16.046      16.1289     16.2117     16.2948
   16.3658     16.4605     16.4961     16.5789     16.6145     16.6502
   16.7093     16.733      16.7805     16.8158     16.8871     16.9108
   16.958      16.958      16.958      16.9818     17.0055     17.0409
   17.0646     17.1121     17.124      17.0884     17.1121     17.1358
   17.1593     17.2068     17.1831     17.1949     17.1831     17.2424
   17.2662     17.2543     17.2896     17.2896     17.3015     17.349
   17.3609     17.3846     17.4437     17.4912     17.4912     17.5503
   17.574   ]",,,,,,,,
5,RCB_IJ24_rev_lt_lp1_pXD_3.txt,all,lt,lp1,"['', 'Users', 'rbramant', 'Documents', 'Scripts', 'python', '8-13GuiAnalysis', 'data', 'all']",pXD,IJ24,3,rev,SERFC215 racetrack sim,RCB,0.6172544332447348,18.8295,46.9463,5.4564,0.4006,13.6205,9.485920048871469,213.2581835669462,"[ 1.3   1.29  1.28  1.27  1.26  1.25  1.24  1.23  1.22  1.21  1.2   1.19
  1.18  1.17  1.16  1.15  1.14  1.13  1.12  1.11  1.1   1.09  1.08  1.07
  1.06  1.05  1.04  1.03  1.02  1.01  1.    0.99  0.98  0.97  0.96  0.95
  0.94  0.93  0.92  0.91  0.9   0.89  0.88  0.87  0.86  0.85  0.84  0.83
  0.82  0.81  0.8   0.79  0.78  0.77  0.76  0.75  0.74  0.73  0.72  0.71
  0.7   0.69  0.68  0.67  0.66  0.65  0.64  0.63  0.62  0.61  0.6   0.59
  0.58  0.57  0.56  0.55  0.54  0.53  0.52  0.51  0.5   0.49  0.48  0.47
  0.46  0.45  0.44  0.43  0.42  0.41  0.4   0.39  0.38  0.37  0.36  0.35
  0.34  0.33  0.32  0.31  0.3   0.29  0.28  0.27  0.26  0.25  0.24  0.23
  0.22  0.21  0.2   0.19  0.18  0.17  0.16  0.15  0.14  0.13  0.12  0.11
  0.1   0.09  0.08  0.07  0.06  0.05  0.04  0.03  0.02  0.01  0.   -0.01
 -0.02 -0.03 -0.04 -0.05 -0.06 -0.07 -0.08 -0.09 -0.1  -0.11 -0.12 -0.13
 -0.14 -0.15 -0.16 -0.17 -0.18 -0.19 -0.2 ]","[-166.245    -173.744    -175.011    -173.684    -171.019    -167.619
 -163.734    -159.6      -155.336    -151.012    -146.594    -142.234
 -137.864    -133.54     -129.181    -124.976    -120.759    -116.648
 -112.561    -108.581    -104.708    -100.905     -97.1503    -93.4783
  -89.9363    -86.4184    -83.1015    -79.7611    -76.5748    -73.4592
  -70.3794    -67.4773    -64.6225    -61.8032    -59.1263    -56.4847
  -53.9616    -51.4977    -49.0693    -46.724     -44.4853    -42.2819
  -40.1379    -38.0886    -36.0512    -34.0492    -32.1067    -30.235
  -28.3988    -26.5865    -24.8572    -23.1988    -21.564     -19.9294
  -18.3658    -16.8259    -15.2742    -13.8644    -12.4311    -11.0572
   -9.71859    -8.40375    -7.10078    -5.89253    -4.68427    -3.49975
   -2.39808    -1.34363    -0.289436    0.764758    1.72424     2.65998
    3.5485      4.41327     5.21869     6.01249     6.73507     7.44578
    8.10901     8.73688     9.32914     9.93327    10.4308     10.9284
   11.3784     11.8287     12.196      12.6223     12.9895     13.2976
   13.6411     13.9371     14.2096     14.494      14.7663     15.0151
   15.2285     15.4654     15.6904     15.8798     16.093      16.2352
   16.4367     16.5787     16.7209     16.9105     17.0053     17.1474
   17.3013     17.3844     17.5265     17.6213     17.7516     17.8225
   17.9173     18.0122     18.1069     18.1542     18.2726     18.332
   18.3676     18.4029     18.486      18.5333     18.5807     18.6282
   18.7229     18.7229     18.7939     18.8176     18.8295     18.8886
   18.9242     18.948      18.9717     19.0189     19.0545     19.0545
   19.102      19.1849     19.173      19.2205     19.2796     19.3389
   19.3508     19.4099     19.4809     19.5402     19.5758     19.6468
   19.6943  ]",,,,,,,,
6,RCB_IJ22_fwd_lt_lp1_pXF_01.txt,all,lt,lp1,"['', 'Users', 'rbramant', 'Documents', 'Scripts', 'python', '8-13GuiAnalysis', 'data', 'all']",pXF,IJ22,01,fwd,SERFC215 racetrack sim,RCB,0.7465157677217027,16.7567,49.3646,6.1751,0.4982,12.3948,11.563728284763757,605.8955848118903,"[-0.2  -0.19 -0.18 -0.17 -0.16 -0.15 -0.14 -0.13 -0.12 -0.11 -0.1  -0.09
 -0.08 -0.07 -0.06 -0.05 -0.04 -0.03 -0.02 -0.01  0.    0.01  0.02  0.03
  0.04  0.05  0.06  0.07  0.08  0.09  0.1   0.11  0.12  0.13  0.14  0.15
  0.16  0.17  0.18  0.19  0.2   0.21  0.22  0.23  0.24  0.25  0.26  0.27
  0.28  0.29  0.3   0.31  0.32  0.33  0.34  0.35  0.36  0.37  0.38  0.39
  0.4   0.41  0.42  0.43  0.44  0.45  0.46  0.47  0.48  0.49  0.5   0.51
  0.52  0.53  0.54  0.55  0.56  0.57  0.58  0.59  0.6   0.61  0.62  0.63
  0.64  0.65  0.66  0.67  0.68  0.69  0.7   0.71  0.72  0.73  0.74  0.75
  0.76  0.77  0.78  0.79  0.8   0.81  0.82  0.83  0.84  0.85  0.86  0.87
  0.88  0.89  0.9   0.91  0.92  0.93  0.94  0.95  0.96  0.97  0.98  0.99
  1.    1.01  1.02  1.03  1.04  1.05  1.06  1.07  1.08  1.09  1.1   1.11
  1.12  1.13  1.14  1.15  1.16  1.17  1.18  1.19  1.2   1.21  1.22  1.23
  1.24  1.25  1.26  1.27  1.28  1.29  1.3 ]","[  16.9224     16.8989     16.9343     16.8989     16.8752     16.8871
   16.8871     16.8633     16.8633     16.9108     16.8752     16.8396
   16.8752     16.8514     16.8396     16.8396     16.8277     16.8277
   16.7923     16.7923     16.7567     16.7567     16.733      16.7211
   16.7211     16.7211     16.6855     16.6502     16.6502     16.5671
   16.5552     16.5552     16.508      16.4605     16.4723     16.3895
   16.342      16.2829     16.2948     16.2117     16.1526     16.0579
   16.0342     15.9511     15.9157     15.8326     15.7735     15.6788
   15.6313     15.5603     15.4419     15.3588     15.2522     15.1575
   15.0153     14.9325     14.8259     14.7074     14.5653     14.4349
   14.3046     14.1268     14.0202     13.8189     13.6649     13.4636
   13.2623     13.0251     12.812      12.5988     12.35       12.1013
   11.8644     11.5565     11.2484     10.9405     10.6324     10.2651
    9.94539     9.50694     9.12785     8.70152     8.21584     7.78927
    7.25636     6.73507     6.16656     5.5743      4.93456     4.31856
    3.61972     2.90901     2.16269     1.39263     0.563466   -0.301307
   -1.18982    -2.12556    -3.10879    -4.13924    -5.2053     -6.31885
   -7.45614    -8.68813    -9.97923   -11.2822    -12.6208    -14.1015
  -15.523     -17.0985    -18.6977    -20.3204    -22.0262    -23.7911
  -25.6035    -27.4871    -29.4298    -31.4197    -33.469     -35.6133
  -37.7454    -39.996     -42.294     -44.6515    -47.0798    -49.5436
  -52.0904    -54.661     -57.3025    -60.0388    -62.7872    -65.5825
  -68.4729    -71.3632    -74.3957    -77.4282    -80.4726    -83.6591
  -86.893     -90.1149    -93.3606    -96.7366   -100.136    -103.607
 -107.078    -110.667    -114.268    -117.905    -121.577    -125.32
 -129.123   ]",2.7062,8.6419,0.13040000000000163,0.1601415126982575,0.6677999999999997,0.18169999999999997,4.586782903082977,2001.6938729256171
7,RCB_IJ22_rev_lt_lp1_pXF_03.txt,all,lt,lp1,"['', 'Users', 'rbramant', 'Documents', 'Scripts', 'python', '8-13GuiAnalysis', 'data', 'all']",pXF,IJ22,03,rev,SERFC215 racetrack sim,RCB,0.911921080040399,16.8277,57.1317,8.7672,0.6408,13.6816,7.890417876530748,2375.5824745490454,"[ 1.3   1.29  1.28  1.27  1.26  1.25  1.24  1.23  1.22  1.21  1.2   1.19
  1.18  1.17  1.16  1.15  1.14  1.13  1.12  1.11  1.1   1.09  1.08  1.07
  1.06  1.05  1.04  1.03  1.02  1.01  1.    0.99  0.98  0.97  0.96  0.95
  0.94  0.93  0.92  0.91  0.9   0.89  0.88  0.87  0.86  0.85  0.84  0.83
  0.82  0.81  0.8   0.79  0.78  0.77  0.76  0.75  0.74  0.73  0.72  0.71
  0.7   0.69  0.68  0.67  0.66  0.65  0.64  0.63  0.62  0.61  0.6   0.59
  0.58  0.57  0.56  0.55  0.54  0.53  0.52  0.51  0.5   0.49  0.48  0.47
  0.46  0.45  0.44  0.43  0.42  0.41  0.4   0.39  0.38  0.37  0.36  0.35
  0.34  0.33  0.32  0.31  0.3   0.29  0.28  0.27  0.26  0.25  0.24  0.23
  0.22  0.21  0.2   0.19  0.18  0.17  0.16  0.15  0.14  0.13  0.12  0.11
  0.1   0.09  0.08  0.07  0.06  0.05  0.04  0.03  0.02  0.01  0.   -0.01
 -0.02 -0.03 -0.04 -0.05 -0.06 -0.07 -0.08 -0.09 -0.1  -0.11 -0.12 -0.13
 -0.14 -0.15 -0.16 -0.17 -0.18 -0.19 -0.2 ]","[-137.13    -137.036   -132.297   -126.718   -121.127   -115.642
 -110.253   -105.029    -99.9113   -94.9479   -90.1386   -85.3768
  -80.757    -76.2674   -71.8607   -67.5134   -63.3438   -59.1978
  -55.1467   -51.2494   -47.4233   -43.7867   -40.1857   -36.7031
  -33.3862   -30.1524   -27.0724   -24.0755   -21.268    -18.603
  -16.0796   -13.675    -11.4244    -9.33949   -7.40866   -5.56091
   -3.92608   -2.44531   -1.02389    0.24347    1.42824    2.48243
    3.46566    4.38953    5.20707    5.90591    6.60475    7.24449
    7.80114    8.35804    8.87907    9.30565    9.74384   10.1704
   10.5258    10.8574    11.2127    11.5327    11.8525    12.0894
   12.3619    12.5869    12.8357    13.0489    13.2739    13.4754
   13.7005    13.8427    14.0084    14.2099    14.3165    14.4703
   14.6125    14.7309    14.8969    14.9916    15.11      15.2285
   15.3232    15.4419    15.5129    15.6194    15.6788    15.7498
   15.7854    15.8564    15.9157    15.9867    16.0695    16.1407
   16.1645    16.2354    16.2354    16.2829    16.3539    16.3895
   16.4133    16.4367    16.4842    16.4842    16.5317    16.5317
   16.5433    16.6145    16.6502    16.6264    16.6736    16.6618
   16.6618    16.6974    16.7567    16.733     16.7449    16.7686
   16.7567    16.7921    16.7805    16.7921    16.7686    16.7921
   16.7805    16.8396    16.8158    16.8396    16.8158    16.8396
   16.8514    16.8396    16.8277    16.8396    16.8277    16.8158
   16.8277    16.8277    16.8277    16.8752    16.8989    16.8752
   16.8989    16.8277    16.8752    16.8871    16.8989    16.8752
   16.8989    16.8752    16.9105    16.8871    16.8989    16.9105
   16.9224 ]",,,,,,,,
8,RCB_IJ22_fwd_lt_lp1_pXB_01.txt,all,lt,lp1,"['', 'Users', 'rbramant', 'Documents', 'Scripts', 'python', '8-13GuiAnalysis', 'data', 'all']",pXB,IJ22,01,fwd,SERFC215 racetrack sim,RCB,0.8617103999777352,20.5593,49.8892,8.8385,0.6003,14.7234,9.702050043174133,357.970236296588,"[-0.2  -0.19 -0.18 -0.17 -0.16 -0.15 -0.14 -0.13 -0.12 -0.11 -0.1  -0.09
 -0.08 -0.07 -0.06 -0.05 -0.04 -0.03 -0.02 -0.01  0.    0.01  0.02  0.03
  0.04  0.05  0.06  0.07  0.08  0.09  0.1   0.11  0.12  0.13  0.14  0.15
  0.16  0.17  0.18  0.19  0.2   0.21  0.22  0.23  0.24  0.25  0.26  0.27
  0.28  0.29  0.3   0.31  0.32  0.33  0.34  0.35  0.36  0.37  0.38  0.39
  0.4   0.41  0.42  0.43  0.44  0.45  0.46  0.47  0.48  0.49  0.5   0.51
  0.52  0.53  0.54  0.55  0.56  0.57  0.58  0.59  0.6   0.61  0.62  0.63
  0.64  0.65  0.66  0.67  0.68  0.69  0.7   0.71  0.72  0.73  0.74  0.75
  0.76  0.77  0.78  0.79  0.8   0.81  0.82  0.83  0.84  0.85  0.86  0.87
  0.88  0.89  0.9   0.91  0.92  0.93  0.94  0.95  0.96  0.97  0.98  0.99
  1.    1.01  1.02  1.03  1.04  1.05  1.06  1.07  1.08  1.09  1.1   1.11
  1.12  1.13  1.14  1.15  1.16  1.17  1.18  1.19  1.2   1.21  1.22  1.23
  1.24  1.25  1.26  1.27  1.28  1.29  1.3 ]","[  20.9503     20.9384     20.9031     20.9031     20.8556     20.8437
   20.8318     20.7727     20.7608     20.749      20.7252     20.7252
   20.6896     20.6661     20.6661     20.6424     20.6068     20.6305
   20.6068     20.5477     20.5593     20.5121     20.4765     20.4646
   20.4409     20.3818     20.4174     20.3224     20.3105     20.2633
   20.2396     20.2039     20.1092     20.0855     20.062      19.9908
   19.9552     19.8723     19.8605     19.7658     19.7302     19.6473
   19.6236     19.517      19.4695     19.3985     19.3748     19.2919
   19.2089     19.1023     19.0432     18.9957     18.8772     18.7707
   18.6997     18.6166     18.5338     18.4153     18.2969     18.2259
   18.0837     17.9652     17.8587     17.7402     17.6334     17.4558
   17.3255     17.2308     17.053      16.9345     16.757      16.5911
   16.3779     16.2357     16.0107     15.8566     15.6197     15.4182
   15.2169     14.9681     14.7312     14.4705     14.1627     13.8902
   13.5704     13.2385     12.9307     12.5516     12.1962     11.8171
   11.3671     10.9761     10.5023      9.96913     9.45971     8.92681
    8.34617     7.7183      7.03133     6.3681      5.62178     4.82798
    4.03443     3.14591     2.18643     1.21508     0.18437    -0.893565
   -2.07808    -3.33382    -4.57769    -5.91627    -7.36142    -8.87756
  -10.4058    -11.9932    -13.7225    -15.523     -17.3472    -19.2781
  -21.2445    -23.3175    -25.4024    -27.5939    -29.892     -32.2138
  -34.6303    -37.1178    -39.653     -42.2945    -44.9242    -47.7317
  -50.5273    -53.4176    -56.3673    -59.4471    -62.527     -65.7136
  -68.9593    -72.3234    -75.7113    -79.1466    -82.7477    -86.3724
  -90.1159    -93.9301    -97.7683   -101.796    -105.859    -110.04
 -114.305   ]",,,,,,,,
9,RCB_IJ22_rev_lt_lp1_pXB_03.txt,all,lt,lp1,"['', 'Users', 'rbramant', 'Documents', 'Scripts', 'python', '8-13GuiAnalysis', 'data', 'all']",pXB,IJ22,03,rev,SERFC215 racetrack sim,RCB,0.9938661866022807,20.7013,61.0873,12.5683,0.779,16.1339,5.055437932366333,1183.3894285474728,"[ 1.3   1.29  1.28  1.27  1.26  1.25  1.24  1.23  1.22  1.21  1.2   1.19
  1.18  1.17  1.16  1.15  1.14  1.13  1.12  1.11  1.1   1.09  1.08  1.07
  1.06  1.05  1.04  1.03  1.02  1.01  1.    0.99  0.98  0.97  0.96  0.95
  0.94  0.93  0.92  0.91  0.9   0.89  0.88  0.87  0.86  0.85  0.84  0.83
  0.82  0.81  0.8   0.79  0.78  0.77  0.76  0.75  0.74  0.73  0.72  0.71
  0.7   0.69  0.68  0.67  0.66  0.65  0.64  0.63  0.62  0.61  0.6   0.59
  0.58  0.57  0.56  0.55  0.54  0.53  0.52  0.51  0.5   0.49  0.48  0.47
  0.46  0.45  0.44  0.43  0.42  0.41  0.4   0.39  0.38  0.37  0.36  0.35
  0.34  0.33  0.32  0.31  0.3   0.29  0.28  0.27  0.26  0.25  0.24  0.23
  0.22  0.21  0.2   0.19  0.18  0.17  0.16  0.15  0.14  0.13  0.12  0.11
  0.1   0.09  0.08  0.07  0.06  0.05  0.04  0.03  0.02  0.01  0.   -0.01
 -0.02 -0.03 -0.04 -0.05 -0.06 -0.07 -0.08 -0.09 -0.1  -0.11 -0.12 -0.13
 -0.14 -0.15 -0.16 -0.17 -0.18 -0.19 -0.2 ]","[-84.5002   -96.7131   -99.9469   -99.5084   -97.2341   -94.0478
 -90.2927   -86.1348   -81.823    -77.381    -72.9033   -68.4019
 -63.8176   -59.4109   -54.9689   -50.6334   -46.3335   -42.1875
 -38.1364   -34.2035   -30.3655   -26.7052   -23.2107   -19.7875
 -16.6009   -13.604    -10.7728    -8.09562   -5.59627   -3.33382
  -1.21331    0.764758   2.50617    4.04604    5.50307    6.75881
   7.87236    8.87932    9.8032    10.5967    11.3077    11.9591
  12.516     13.0607    13.5108    13.9611    14.3284    14.7074
  14.9916    15.2997    15.5722    15.8207    16.117     16.2829
  16.4842    16.7211    16.8989    17.0527    17.2305    17.349
  17.5503    17.7162    17.799     17.9056    18.0597    18.2019
  18.3203    18.4151    18.5335    18.6166    18.6876    18.7942
  18.8651    18.9838    19.0548    19.1495    19.2207    19.3036
  19.3508    19.4102    19.4811    19.5405    19.5879    19.6352
  19.7064    19.7774    19.813     19.8602    19.9196    19.9552
  19.9787    20.0262    20.0736    20.0971    20.1327    20.1446
  20.1921    20.2393    20.2631    20.3105    20.3224    20.334
  20.3578    20.3815    20.429     20.4409    20.4881    20.4762
  20.4762    20.5237    20.5474    20.5237    20.5237    20.5593
  20.6184    20.5709    20.6065    20.6065    20.6303    20.6303
  20.6422    20.6303    20.6422    20.7013    20.654     20.6659
  20.6778    20.7013    20.6659    20.6778    20.7013    20.7131
  20.7013    20.7013    20.7013    20.7369    20.7487    20.7606
  20.7962    20.7606    20.7725    20.7487    20.7725    20.7725
  20.7843    20.7725    20.7962    20.8316    20.7725    20.7843
  20.7962  ]",,,,,,,,
10,RCB_IJ22_fwd_lt_lp1_pXA_01.txt,all,lt,lp1,"['', 'Users', 'rbramant', 'Documents', 'Scripts', 'python', '8-13GuiAnalysis', 'data', 'all']",pXA,IJ22,01,fwd,SERFC215 racetrack sim,RCB,0.8321099832434439,20.6894,48.433,8.3382,0.5793,14.3935,10.170580984268156,247.4678379476401,"[-0.2  -0.19 -0.18 -0.17 -0.16 -0.15 -0.14 -0.13 -0.12 -0.11 -0.1  -0.09
 -0.08 -0.07 -0.06 -0.05 -0.04 -0.03 -0.02 -0.01  0.    0.01  0.02  0.03
  0.04  0.05  0.06  0.07  0.08  0.09  0.1   0.11  0.12  0.13  0.14  0.15
  0.16  0.17  0.18  0.19  0.2   0.21  0.22  0.23  0.24  0.25  0.26  0.27
  0.28  0.29  0.3   0.31  0.32  0.33  0.34  0.35  0.36  0.37  0.38  0.39
  0.4   0.41  0.42  0.43  0.44  0.45  0.46  0.47  0.48  0.49  0.5   0.51
  0.52  0.53  0.54  0.55  0.56  0.57  0.58  0.59  0.6   0.61  0.62  0.63
  0.64  0.65  0.66  0.67  0.68  0.69  0.7   0.71  0.72  0.73  0.74  0.75
  0.76  0.77  0.78  0.79  0.8   0.81  0.82  0.83  0.84  0.85  0.86  0.87
  0.88  0.89  0.9   0.91  0.92  0.93  0.94  0.95  0.96  0.97  0.98  0.99
  1.    1.01  1.02  1.03  1.04  1.05  1.06  1.07  1.08  1.09  1.1   1.11
  1.12  1.13  1.14  1.15  1.16  1.17  1.18  1.19  1.2   1.21  1.22  1.23
  1.24  1.25  1.26  1.27  1.28  1.29  1.3 ]","[  21.2225     21.2225     21.2107     21.1869     21.1159     21.1041
   21.0922     21.0803     21.0685     21.0212     20.9975     21.0212
   20.9382     20.9382     20.8909     20.8909     20.8791     20.8197
   20.7606     20.7369     20.6894     20.6775     20.6422     20.559
   20.5118     20.4999     20.429      20.3578     20.3105     20.2868
   20.2156     20.1565     20.0971     20.038      20.0143     19.9077
   19.8602     19.7774     19.718      19.6352     19.6114     19.5049
   19.4339     19.3508     19.2917     19.2205     19.1258     19.0192
   18.9482     18.8889     18.7942     18.7113     18.6282     18.5098
   18.4151     18.2966     18.2019     18.0597     17.9531     17.8228
   17.6925     17.5978     17.4437     17.349      17.1949     17.0527
   16.8514     16.7211     16.508      16.3539     16.1761     15.9748
   15.7854     15.572      15.3232     15.1338     14.8613     14.6244
   14.3756     14.0914     13.7833     13.5108     13.1555     12.8001
   12.4804     12.125      11.6747     11.284      10.8102     10.3836
    9.85043     9.32939     8.77249     8.1921      7.56423     6.90101
    6.2494      5.51495     4.73327     3.91572     3.03908     2.18618
    1.20321     0.219982   -0.822595   -1.94776    -3.10879    -4.32891
   -5.54904    -6.88762    -8.23782    -9.68298   -11.1875    -12.6917
  -14.3266    -16.0086    -17.7145    -19.4912    -21.3392    -23.2226
  -25.2009    -27.2027    -29.252     -31.4197    -33.5875    -35.8264
  -38.1364    -40.4698    -42.8628    -45.374     -47.8971    -50.4677
  -53.0974    -55.7864    -58.5936    -61.3893    -64.2677    -67.2411
  -70.2855    -73.3061    -76.4568    -79.6909    -82.9485    -86.3007
  -89.7123    -93.2777    -96.8315   -100.504    -104.259    -108.144
 -112.065   ]",,,,,,,,
11,RCB_IJ22_rev_lt_lp1_pXA_03.txt,all,lt,lp1,"['', 'Users', 'rbramant', 'Documents', 'Scripts', 'python', '8-13GuiAnalysis', 'data', 'all']",pXA,IJ22,03,rev,SERFC215 racetrack sim,RCB,0.951462120313659,20.9975,63.8171,12.7496,0.7399,17.2315,5.025297346844017,1948.3259778111662,"[ 1.3   1.29  1.28  1.27  1.26  1.25  1.24  1.23  1.22  1.21  1.2   1.19
  1.18  1.17  1.16  1.15  1.14  1.13  1.12  1.11  1.1   1.09  1.08  1.07
  1.06  1.05  1.04  1.03  1.02  1.01  1.    0.99  0.98  0.97  0.96  0.95
  0.94  0.93  0.92  0.91  0.9   0.89  0.88  0.87  0.86  0.85  0.84  0.83
  0.82  0.81  0.8   0.79  0.78  0.77  0.76  0.75  0.74  0.73  0.72  0.71
  0.7   0.69  0.68  0.67  0.66  0.65  0.64  0.63  0.62  0.61  0.6   0.59
  0.58  0.57  0.56  0.55  0.54  0.53  0.52  0.51  0.5   0.49  0.48  0.47
  0.46  0.45  0.44  0.43  0.42  0.41  0.4   0.39  0.38  0.37  0.36  0.35
  0.34  0.33  0.32  0.31  0.3   0.29  0.28  0.27  0.26  0.25  0.24  0.23
  0.22  0.21  0.2   0.19  0.18  0.17  0.16  0.15  0.14  0.13  0.12  0.11
  0.1   0.09  0.08  0.07  0.06  0.05  0.04  0.03  0.02  0.01  0.   -0.01
 -0.02 -0.03 -0.04 -0.05 -0.06 -0.07 -0.08 -0.09 -0.1  -0.11 -0.12 -0.13
 -0.14 -0.15 -0.16 -0.17 -0.18 -0.19 -0.2 ]","[-61.9224   -73.3296   -79.6672   -83.3273   -84.9977   -85.3056
 -84.6424   -83.2207   -81.2426   -78.8261   -76.1371   -73.1993
 -70.0721   -66.7789   -63.4267   -59.9678   -56.4615   -52.9196
 -49.4133   -45.8951   -42.3771   -38.9181   -35.5064   -32.166
 -28.8494   -25.6272   -22.4881   -19.4794   -16.5534   -13.7462
 -11.069     -8.5222    -6.10569   -3.8195    -1.69898    0.290952
   2.12708    3.80914    5.31365    6.7232     7.99081    9.15159
  10.1704    11.0943    11.9237    12.6225    13.3214    13.9374
  14.4231    14.9087    15.3351    15.7616    16.0579    16.3776
  16.662     16.9818    17.2305    17.3965    17.5978    17.8703
  17.9887    18.1782    18.3441    18.4744    18.6282    18.7467
  18.8651    18.9601    19.0785    19.1733    19.268     19.3864
  19.4458    19.5523    19.6352    19.6827    19.7536    19.8365
  19.8958    19.9196    20.0143    20.0618    20.0971    20.1446
  20.2037    20.2156    20.2749    20.2868    20.334     20.3696
  20.4171    20.4525    20.4643    20.4643    20.4999    20.5356
  20.5593    20.6303    20.6184    20.6184    20.6422    20.654
  20.725     20.7131    20.7131    20.7487    20.7725    20.7725
  20.8197    20.7843    20.8081    20.8434    20.8434    20.8316
  20.9028    20.8672    20.8553    20.9265    20.9147    20.9382
  20.9382    20.9619    20.9265    20.9382    20.95      20.9265
  20.95      20.9856    20.9856    20.9738    20.9975    20.9856
  20.9738    20.9619    21.0094    21.0094    21.0331    21.0331
  21.0094    21.0212    20.9975    21.0094    20.9975    21.0094
  21.0331    21.0566    21.0094    21.045     21.0803    21.0566
  21.1041  ]",,,,,,,,
12,RCB_IJ22_rev_lt_lp1_pXF_02.txt,all,lt,lp1,"['', 'Users', 'rbramant', 'Documents', 'Scripts', 'python', '8-13GuiAnalysis', 'data', 'all']",pXF,IJ22,02,rev,SERFC215 racetrack sim,RCB,0.9096567153153724,16.8871,57.2868,8.8001,0.6604,13.3254,7.340432755213091,2286.6135900759296,"[ 1.3   1.29  1.28  1.27  1.26  1.25  1.24  1.23  1.22  1.21  1.2   1.19
  1.18  1.17  1.16  1.15  1.14  1.13  1.12  1.11  1.1   1.09  1.08  1.07
  1.06  1.05  1.04  1.03  1.02  1.01  1.    0.99  0.98  0.97  0.96  0.95
  0.94  0.93  0.92  0.91  0.9   0.89  0.88  0.87  0.86  0.85  0.84  0.83
  0.82  0.81  0.8   0.79  0.78  0.77  0.76  0.75  0.74  0.73  0.72  0.71
  0.7   0.69  0.68  0.67  0.66  0.65  0.64  0.63  0.62  0.61  0.6   0.59
  0.58  0.57  0.56  0.55  0.54  0.53  0.52  0.51  0.5   0.49  0.48  0.47
  0.46  0.45  0.44  0.43  0.42  0.41  0.4   0.39  0.38  0.37  0.36  0.35
  0.34  0.33  0.32  0.31  0.3   0.29  0.28  0.27  0.26  0.25  0.24  0.23
  0.22  0.21  0.2   0.19  0.18  0.17  0.16  0.15  0.14  0.13  0.12  0.11
  0.1   0.09  0.08  0.07  0.06  0.05  0.04  0.03  0.02  0.01  0.   -0.01
 -0.02 -0.03 -0.04 -0.05 -0.06 -0.07 -0.08 -0.09 -0.1  -0.11 -0.12 -0.13
 -0.14 -0.15 -0.16 -0.17 -0.18 -0.19 -0.2 ]","[-1.40247e+02 -1.40531e+02 -1.35781e+02 -1.30131e+02 -1.24492e+02
 -1.18866e+02 -1.13393e+02 -1.08027e+02 -1.02838e+02 -9.77208e+01
 -9.27693e+01 -8.79126e+01 -8.31624e+01 -7.85188e+01 -7.39936e+01
 -6.95872e+01 -6.53464e+01 -6.11056e+01 -5.69833e+01 -5.29794e+01
 -4.91059e+01 -4.52914e+01 -4.16429e+01 -3.80891e+01 -3.47131e+01
 -3.13965e+01 -2.82218e+01 -2.52012e+01 -2.22989e+01 -1.95624e+01
 -1.69209e+01 -1.44688e+01 -1.21588e+01 -9.99110e+00 -7.97743e+00
 -6.15317e+00 -4.43549e+00 -2.87188e+00 -1.40298e+00 -4.06625e-02
  1.14385e+00  2.24553e+00  3.28811e+00  4.21198e+00  5.04114e+00
  5.82307e+00  6.49817e+00  7.16165e+00  7.75391e+00  8.26333e+00
  8.80835e+00  9.29403e+00  9.76784e+00  1.01469e+01  1.05142e+01
  1.08814e+01  1.12486e+01  1.15327e+01  1.18527e+01  1.21134e+01
  1.23856e+01  1.26225e+01  1.28594e+01  1.31082e+01  1.33335e+01
  1.34873e+01  1.36889e+01  1.38783e+01  1.40680e+01  1.42218e+01
  1.43640e+01  1.45062e+01  1.46365e+01  1.47549e+01  1.48971e+01
  1.50156e+01  1.51103e+01  1.52406e+01  1.53353e+01  1.54538e+01
  1.55012e+01  1.56316e+01  1.57025e+01  1.57972e+01  1.58210e+01
  1.59276e+01  1.59869e+01  1.60107e+01  1.60579e+01  1.61054e+01
  1.61526e+01  1.62120e+01  1.62713e+01  1.63185e+01  1.63423e+01
  1.63660e+01  1.63898e+01  1.64370e+01  1.64607e+01  1.64963e+01
  1.65436e+01  1.65436e+01  1.65792e+01  1.65911e+01  1.66148e+01
  1.66502e+01  1.66739e+01  1.66620e+01  1.66976e+01  1.66739e+01
  1.67214e+01  1.67332e+01  1.67451e+01  1.67570e+01  1.67805e+01
  1.67805e+01  1.67923e+01  1.68042e+01  1.67923e+01  1.68042e+01
  1.68398e+01  1.68280e+01  1.68398e+01  1.68517e+01  1.68161e+01
  1.68636e+01  1.68161e+01  1.68398e+01  1.68280e+01  1.68517e+01
  1.68871e+01  1.68517e+01  1.68636e+01  1.68871e+01  1.68398e+01
  1.68517e+01  1.68636e+01  1.68636e+01  1.68871e+01  1.69108e+01
  1.68636e+01  1.68754e+01  1.68989e+01  1.69108e+01  1.69108e+01
  1.69108e+01  1.69227e+01  1.69108e+01  1.69464e+01  1.69464e+01
  1.69227e+01]",,,,,,,,
13,RCB_IJ22_rev_lt_lp1_pXE_02.txt,all,lt,lp1,"['', 'Users', 'rbramant', 'Documents', 'Scripts', 'python', '8-13GuiAnalysis', 'data', 'all']",pXE,IJ22,02,rev,SERFC215 racetrack sim,RCB,0.672416426346272,17.1358,51.7644,5.9645,0.4592,12.9889,10.42227949843823,469.7813614720321,"[ 1.3   1.29  1.28  1.27  1.26  1.25  1.24  1.23  1.22  1.21  1.2   1.19
  1.18  1.17  1.16  1.15  1.14  1.13  1.12  1.11  1.1   1.09  1.08  1.07
  1.06  1.05  1.04  1.03  1.02  1.01  1.    0.99  0.98  0.97  0.96  0.95
  0.94  0.93  0.92  0.91  0.9   0.89  0.88  0.87  0.86  0.85  0.84  0.83
  0.82  0.81  0.8   0.79  0.78  0.77  0.76  0.75  0.74  0.73  0.72  0.71
  0.7   0.69  0.68  0.67  0.66  0.65  0.64  0.63  0.62  0.61  0.6   0.59
  0.58  0.57  0.56  0.55  0.54  0.53  0.52  0.51  0.5   0.49  0.48  0.47
  0.46  0.45  0.44  0.43  0.42  0.41  0.4   0.39  0.38  0.37  0.36  0.35
  0.34  0.33  0.32  0.31  0.3   0.29  0.28  0.27  0.26  0.25  0.24  0.23
  0.22  0.21  0.2   0.19  0.18  0.17  0.16  0.15  0.14  0.13  0.12  0.11
  0.1   0.09  0.08  0.07  0.06  0.05  0.04  0.03  0.02  0.01  0.   -0.01
 -0.02 -0.03 -0.04 -0.05 -0.06 -0.07 -0.08 -0.09 -0.1  -0.11 -0.12 -0.13
 -0.14 -0.15 -0.16 -0.17 -0.18 -0.19 -0.2 ]","[-191.739    -196.749    -194.179    -189.488    -184.039    -178.4
 -172.75     -167.159    -161.509    -155.977    -150.54     -145.173
 -139.831    -134.56     -129.419    -124.349    -119.338    -114.47
 -109.684    -104.993    -100.326     -95.9074    -91.5601    -87.2958
  -83.1379    -79.1103    -75.2132    -71.4819    -67.7859    -64.2677
  -60.8917    -57.646     -54.5069    -51.4982    -48.6435    -45.8835
  -43.2063    -40.6713    -38.2783    -35.9211    -33.7059    -31.5263
  -29.4889    -27.5343    -25.6272    -23.8148    -22.0737    -20.3679
  -18.6977    -17.1341    -15.6295    -14.1369    -12.7155    -11.3532
  -10.003      -8.67626    -7.40866    -6.21227    -5.05149    -3.93795
   -2.83627    -1.74647    -0.727631    0.231852    1.20321     2.12708
    2.97998     3.84475     4.6383      5.39649     6.15469     6.84165
    7.50513     8.12113     8.76087     9.31752     9.81507    10.2889
   10.7864     11.2484     11.6393     12.0184     12.35       12.6463
   12.966      13.2385     13.5227     13.7715     14.0202     14.198
   14.3993     14.5534     14.7309     14.8969     15.0747     15.1931
   15.3469     15.4654     15.5603     15.6788     15.7735     15.8801
   15.9867     16.0695     16.1407     16.2236     16.3183     16.3895
   16.4486     16.508      16.5552     16.6145     16.6855     16.7686
   16.7686     16.804      16.8633     16.8871     16.8871     16.958
   16.9462     16.9936     16.9936     17.0293     17.0646     17.0646
   17.1002     17.1002     17.1358     17.1358     17.1358     17.1593
   17.1949     17.1712     17.2187     17.2068     17.2305     17.2424
   17.2543     17.2662     17.2896     17.3371     17.349      17.3846
   17.42       17.3965     17.4318     17.4437     17.4674     17.5503
   17.6096  ]",,,,,,,,
14,RCB_IJ22_rev_lt_lp1_pXD_02.txt,all,lt,lp1,"['', 'Users', 'rbramant', 'Documents', 'Scripts', 'python', '8-13GuiAnalysis', 'data', 'all']",pXD,IJ22,02,rev,SERFC215 racetrack sim,RCB,0.6172544332447348,18.8295,46.9463,5.4564,0.4006,13.6205,9.485920048871469,213.2581835669462,"[ 1.3   1.29  1.28  1.27  1.26  1.25  1.24  1.23  1.22  1.21  1.2   1.19
  1.18  1.17  1.16  1.15  1.14  1.13  1.12  1.11  1.1   1.09  1.08  1.07
  1.06  1.05  1.04  1.03  1.02  1.01  1.    0.99  0.98  0.97  0.96  0.95
  0.94  0.93  0.92  0.91  0.9   0.89  0.88  0.87  0.86  0.85  0.84  0.83
  0.82  0.81  0.8   0.79  0.78  0.77  0.76  0.75  0.74  0.73  0.72  0.71
  0.7   0.69  0.68  0.67  0.66  0.65  0.64  0.63  0.62  0.61  0.6   0.59
  0.58  0.57  0.56  0.55  0.54  0.53  0.52  0.51  0.5   0.49  0.48  0.47
  0.46  0.45  0.44  0.43  0.42  0.41  0.4   0.39  0.38  0.37  0.36  0.35
  0.34  0.33  0.32  0.31  0.3   0.29  0.28  0.27  0.26  0.25  0.24  0.23
  0.22  0.21  0.2   0.19  0.18  0.17  0.16  0.15  0.14  0.13  0.12  0.11
  0.1   0.09  0.08  0.07  0.06  0.05  0.04  0.03  0.02  0.01  0.   -0.01
 -0.02 -0.03 -0.04 -0.05 -0.06 -0.07 -0.08 -0.09 -0.1  -0.11 -0.12 -0.13
 -0.14 -0.15 -0.16 -0.17 -0.18 -0.19 -0.2 ]","[-166.245    -173.744    -175.011    -173.684    -171.019    -167.619
 -163.734    -159.6      -155.336    -151.012    -146.594    -142.234
 -137.864    -133.54     -129.181    -124.976    -120.759    -116.648
 -112.561    -108.581    -104.708    -100.905     -97.1503    -93.4783
  -89.9363    -86.4184    -83.1015    -79.7611    -76.5748    -73.4592
  -70.3794    -67.4773    -64.6225    -61.8032    -59.1263    -56.4847
  -53.9616    -51.4977    -49.0693    -46.724     -44.4853    -42.2819
  -40.1379    -38.0886    -36.0512    -34.0492    -32.1067    -30.235
  -28.3988    -26.5865    -24.8572    -23.1988    -21.564     -19.9294
  -18.3658    -16.8259    -15.2742    -13.8644    -12.4311    -11.0572
   -9.71859    -8.40375    -7.10078    -5.89253    -4.68427    -3.49975
   -2.39808    -1.34363    -0.289436    0.764758    1.72424     2.65998
    3.5485      4.41327     5.21869     6.01249     6.73507     7.44578
    8.10901     8.73688     9.32914     9.93327    10.4308     10.9284
   11.3784     11.8287     12.196      12.6223     12.9895     13.2976
   13.6411     13.9371     14.2096     14.494      14.7663     15.0151
   15.2285     15.4654     15.6904     15.8798     16.093      16.2352
   16.4367     16.5787     16.7209     16.9105     17.0053     17.1474
   17.3013     17.3844     17.5265     17.6213     17.7516     17.8225
   17.9173     18.0122     18.1069     18.1542     18.2726     18.332
   18.3676     18.4029     18.486      18.5333     18.5807     18.6282
   18.7229     18.7229     18.7939     18.8176     18.8295     18.8886
   18.9242     18.948      18.9717     19.0189     19.0545     19.0545
   19.102      19.1849     19.173      19.2205     19.2796     19.3389
   19.3508     19.4099     19.4809     19.5402     19.5758     19.6468
   19.6943  ]",,,,,,,,
15,RCB_IJ22_rev_lt_lp1_pXB_02.txt,all,lt,lp1,"['', 'Users', 'rbramant', 'Documents', 'Scripts', 'python', '8-13GuiAnalysis', 'data', 'all']",pXB,IJ22,02,rev,SERFC215 racetrack sim,RCB,0.9826480187282309,20.6896,60.1545,12.2298,0.7505,16.2955,5.376731441942596,1585.6762716706423,"[ 1.3   1.29  1.28  1.27  1.26  1.25  1.24  1.23  1.22  1.21  1.2   1.19
  1.18  1.17  1.16  1.15  1.14  1.13  1.12  1.11  1.1   1.09  1.08  1.07
  1.06  1.05  1.04  1.03  1.02  1.01  1.    0.99  0.98  0.97  0.96  0.95
  0.94  0.93  0.92  0.91  0.9   0.89  0.88  0.87  0.86  0.85  0.84  0.83
  0.82  0.81  0.8   0.79  0.78  0.77  0.76  0.75  0.74  0.73  0.72  0.71
  0.7   0.69  0.68  0.67  0.66  0.65  0.64  0.63  0.62  0.61  0.6   0.59
  0.58  0.57  0.56  0.55  0.54  0.53  0.52  0.51  0.5   0.49  0.48  0.47
  0.46  0.45  0.44  0.43  0.42  0.41  0.4   0.39  0.38  0.37  0.36  0.35
  0.34  0.33  0.32  0.31  0.3   0.29  0.28  0.27  0.26  0.25  0.24  0.23
  0.22  0.21  0.2   0.19  0.18  0.17  0.16  0.15  0.14  0.13  0.12  0.11
  0.1   0.09  0.08  0.07  0.06  0.05  0.04  0.03  0.02  0.01  0.   -0.01
 -0.02 -0.03 -0.04 -0.05 -0.06 -0.07 -0.08 -0.09 -0.1  -0.11 -0.12 -0.13
 -0.14 -0.15 -0.16 -0.17 -0.18 -0.19 -0.2 ]","[ -85.7567    -98.3724   -102.163    -102.116    -100.173     -97.2351
  -93.6222    -89.6065    -85.342     -80.9828    -76.5404    -72.0512
  -67.5616    -63.0956    -58.6891    -54.3534    -50.0416    -45.8127
  -41.7376    -37.7103    -33.8365    -30.1526    -26.5041    -23.0215
  -19.7521    -16.5774    -13.6277    -10.8321     -8.19059    -5.77407
   -3.48788    -1.36737     0.492496    2.1983      3.77378     5.18333
    6.48655     7.56449     8.60681     9.53093    10.2773     11.0352
   11.6868     12.2318     12.7529     13.2385     13.6533     14.0914
   14.4114     14.7787     15.0274     15.3591     15.6078     15.8329
   16.0579     16.3067     16.4726     16.7095     16.8517     17.0174
   17.1952     17.3846     17.5149     17.6809     17.7283     17.9296
   18.0599     18.1428     18.2494     18.3916     18.4509     18.5931
   18.6759     18.7707     18.8416     18.9129     18.9719     19.0551
   19.1854     19.2326     19.3038     19.3867     19.4695     19.5407
   19.5761     19.6473     19.6829     19.7658     19.8014     19.8605
   19.8842     19.9079     20.0027     20.0383     20.0855     20.0974
   20.1921     20.2158     20.2158     20.2277     20.2989     20.3105
   20.3224     20.3105     20.358      20.3699     20.4292     20.4174
   20.4409     20.4409     20.4765     20.4883     20.5121     20.5239
   20.5477     20.5712     20.5712     20.5949     20.6187     20.6305
   20.6424     20.6068     20.6187     20.6424     20.6305     20.6661
   20.6305     20.6305     20.6778     20.7015     20.6896     20.6543
   20.6543     20.7134     20.6896     20.6778     20.6896     20.7252
   20.7252     20.749      20.7252     20.7134     20.7134     20.749
   20.7252     20.749      20.7727     20.7727     20.7608     20.7846
   20.7965  ]",,,,,,,,
16,RCB_IJ22_rev_lt_lp1_pXA_02.txt,all,lt,lp1,"['', 'Users', 'rbramant', 'Documents', 'Scripts', 'python', '8-13GuiAnalysis', 'data', 'all']",pXA,IJ22,02,rev,SERFC215 racetrack sim,RCB,0.9567979486323802,21.0094,64.5516,12.976,0.7505,17.2898,4.690147734963508,1934.8950887349083,"[ 1.3   1.29  1.28  1.27  1.26  1.25  1.24  1.23  1.22  1.21  1.2   1.19
  1.18  1.17  1.16  1.15  1.14  1.13  1.12  1.11  1.1   1.09  1.08  1.07
  1.06  1.05  1.04  1.03  1.02  1.01  1.    0.99  0.98  0.97  0.96  0.95
  0.94  0.93  0.92  0.91  0.9   0.89  0.88  0.87  0.86  0.85  0.84  0.83
  0.82  0.81  0.8   0.79  0.78  0.77  0.76  0.75  0.74  0.73  0.72  0.71
  0.7   0.69  0.68  0.67  0.66  0.65  0.64  0.63  0.62  0.61  0.6   0.59
  0.58  0.57  0.56  0.55  0.54  0.53  0.52  0.51  0.5   0.49  0.48  0.47
  0.46  0.45  0.44  0.43  0.42  0.41  0.4   0.39  0.38  0.37  0.36  0.35
  0.34  0.33  0.32  0.31  0.3   0.29  0.28  0.27  0.26  0.25  0.24  0.23
  0.22  0.21  0.2   0.19  0.18  0.17  0.16  0.15  0.14  0.13  0.12  0.11
  0.1   0.09  0.08  0.07  0.06  0.05  0.04  0.03  0.02  0.01  0.   -0.01
 -0.02 -0.03 -0.04 -0.05 -0.06 -0.07 -0.08 -0.09 -0.1  -0.11 -0.12 -0.13
 -0.14 -0.15 -0.16 -0.17 -0.18 -0.19 -0.2 ]","[-63.0832   -75.2014   -82.4272   -86.6679   -88.8713   -89.5108
 -89.0726   -87.6865   -85.6372   -83.1735   -80.2476   -77.1203
 -73.7681   -70.2143   -66.5776   -62.8107   -59.0321   -55.1939
 -51.3678   -47.5771   -43.7986   -40.0791   -36.3831   -32.7821
 -29.2283   -25.7694   -22.4528   -19.2068   -16.0443   -13.1065
 -10.3346    -7.6693    -5.11059   -2.77692   -0.644791   1.36889
   3.20501    4.86359    6.35598    7.76578    8.9859    10.1111
  11.0352    11.9       12.6698    13.3451    13.9611    14.5178
  15.0153    15.4182    15.7854    16.117     16.4723    16.7805
  17.0409    17.3015    17.5149    17.6569    17.8703    18.0834
  18.2256    18.3794    18.5573    18.6638    18.7704    18.8889
  19.0192    19.1258    19.2324    19.3392    19.4102    19.5049
  19.5642    19.6708    19.7418    19.8365    19.8721    19.9196
  19.9905    20.0618    20.0971    20.1683    20.1683    20.2631
  20.2868    20.334     20.334     20.3696    20.4053    20.4762
  20.4999    20.5237    20.5593    20.5947    20.6184    20.6184
  20.6422    20.6659    20.7013    20.7013    20.7369    20.7606
  20.7606    20.7725    20.7606    20.7962    20.7962    20.8316
  20.8672    20.8434    20.8672    20.8434    20.8434    20.8672
  20.8791    20.8672    20.9265    20.8909    20.9382    20.9382
  20.9265    20.9028    20.9619    20.95      20.9975    20.9856
  20.9856    20.9856    20.9856    20.9738    21.0094    20.9738
  21.0094    20.9975    20.9975    21.0331    21.0212    21.0094
  21.0094    21.0094    21.0094    21.0331    21.0566    21.0331
  21.045     21.0566    21.0331    21.0331    21.0566    21.0803
  21.0803  ]",,,,,,,,
17,RCB_IJ22_rev_lt_lp1_pXF_01.txt,all,lt,lp1,"['', 'Users', 'rbramant', 'Documents', 'Scripts', 'python', '8-13GuiAnalysis', 'data', 'all']",pXF,IJ22,01,rev,SERFC215 racetrack sim,RCB,0.9066572804199602,16.8871,58.0065,8.8813,0.6799,13.0626,6.97694538168078,2607.5894577375075,"[ 1.3   1.29  1.28  1.27  1.26  1.25  1.24  1.23  1.22  1.21  1.2   1.19
  1.18  1.17  1.16  1.15  1.14  1.13  1.12  1.11  1.1   1.09  1.08  1.07
  1.06  1.05  1.04  1.03  1.02  1.01  1.    0.99  0.98  0.97  0.96  0.95
  0.94  0.93  0.92  0.91  0.9   0.89  0.88  0.87  0.86  0.85  0.84  0.83
  0.82  0.81  0.8   0.79  0.78  0.77  0.76  0.75  0.74  0.73  0.72  0.71
  0.7   0.69  0.68  0.67  0.66  0.65  0.64  0.63  0.62  0.61  0.6   0.59
  0.58  0.57  0.56  0.55  0.54  0.53  0.52  0.51  0.5   0.49  0.48  0.47
  0.46  0.45  0.44  0.43  0.42  0.41  0.4   0.39  0.38  0.37  0.36  0.35
  0.34  0.33  0.32  0.31  0.3   0.29  0.28  0.27  0.26  0.25  0.24  0.23
  0.22  0.21  0.2   0.19  0.18  0.17  0.16  0.15  0.14  0.13  0.12  0.11
  0.1   0.09  0.08  0.07  0.06  0.05  0.04  0.03  0.02  0.01  0.   -0.01
 -0.02 -0.03 -0.04 -0.05 -0.06 -0.07 -0.08 -0.09 -0.1  -0.11 -0.12 -0.13
 -0.14 -0.15 -0.16 -0.17 -0.18 -0.19 -0.2 ]","[-136.657    -140.269    -137.048    -132.274    -127.038    -121.743
 -116.436    -111.224    -106.071    -101.037     -96.0971    -91.2522
  -86.4783    -81.7993    -77.2269    -72.6901    -68.3191    -63.9954
  -59.8138    -55.668     -51.676     -47.7193    -43.988     -40.3278
  -36.7859    -33.3862    -30.0458    -26.8829    -23.8623    -20.9839
  -18.2239    -15.6533    -13.2486    -11.0097     -8.86569    -6.89924
   -5.08685    -3.39292    -1.85305    -0.419758    0.83598     2.04424
    3.07469     4.04604     4.94643     5.76372     6.47443     7.20888
    7.78927     8.36991     8.87907     9.40036     9.85043    10.2533
   10.6561     11.0589     11.3549     11.6747     11.9591     12.2553
   12.516      12.7764     13.0607     13.2148     13.428      13.6293
   13.8071     14.0202     14.1505     14.3165     14.4703     14.6125
   14.7428     14.8494     15.0153     15.11       15.2047     15.3116
   15.3825     15.4891     15.6194     15.6551     15.726      15.8089
   15.8801     15.9276     15.9748     16.0695     16.1526     16.188
   16.2592     16.2473     16.2948     16.342      16.3895     16.4014
   16.4486     16.4961     16.5433     16.5317     16.5552     16.5671
   16.6027     16.6145     16.6383     16.6502     16.6618     16.7093
   16.7211     16.7093     16.7211     16.733      16.7805     16.7567
   16.804      16.7686     16.7805     16.7805     16.8277     16.7921
   16.8277     16.8277     16.804      16.8396     16.8158     16.8633
   16.8158     16.8633     16.8514     16.8633     16.8871     16.8396
   16.8277     16.8514     16.8871     16.8871     16.8277     16.8989
   16.8989     16.8633     16.8989     16.9105     16.8989     16.8989
   16.9105     16.8871     16.8871     16.8871     16.8752     16.9343
   16.9105  ]",2.7062,8.6419,0.13040000000000163,0.1601415126982575,0.6677999999999997,0.18169999999999997,4.586782903082977,2001.6938729256171
18,RCB_IJ22_rev_lt_lp1_pXE_01.txt,all,lt,lp1,"['', 'Users', 'rbramant', 'Documents', 'Scripts', 'python', '8-13GuiAnalysis', 'data', 'all']",pXE,IJ22,01,rev,SERFC215 racetrack sim,RCB,0.6837425840950005,17.1121,50.6916,5.9311,0.4607,12.874,10.68381775543662,422.5693069264582,"[ 1.3   1.29  1.28  1.27  1.26  1.25  1.24  1.23  1.22  1.21  1.2   1.19
  1.18  1.17  1.16  1.15  1.14  1.13  1.12  1.11  1.1   1.09  1.08  1.07
  1.06  1.05  1.04  1.03  1.02  1.01  1.    0.99  0.98  0.97  0.96  0.95
  0.94  0.93  0.92  0.91  0.9   0.89  0.88  0.87  0.86  0.85  0.84  0.83
  0.82  0.81  0.8   0.79  0.78  0.77  0.76  0.75  0.74  0.73  0.72  0.71
  0.7   0.69  0.68  0.67  0.66  0.65  0.64  0.63  0.62  0.61  0.6   0.59
  0.58  0.57  0.56  0.55  0.54  0.53  0.52  0.51  0.5   0.49  0.48  0.47
  0.46  0.45  0.44  0.43  0.42  0.41  0.4   0.39  0.38  0.37  0.36  0.35
  0.34  0.33  0.32  0.31  0.3   0.29  0.28  0.27  0.26  0.25  0.24  0.23
  0.22  0.21  0.2   0.19  0.18  0.17  0.16  0.15  0.14  0.13  0.12  0.11
  0.1   0.09  0.08  0.07  0.06  0.05  0.04  0.03  0.02  0.01  0.   -0.01
 -0.02 -0.03 -0.04 -0.05 -0.06 -0.07 -0.08 -0.09 -0.1  -0.11 -0.12 -0.13
 -0.14 -0.15 -0.16 -0.17 -0.18 -0.19 -0.2 ]","[-173.899    -180.45     -179.798    -176.612    -172.395    -167.657
 -162.776    -157.86     -152.838    -147.815    -142.887    -137.948
 -133.044    -128.199    -123.46     -118.699    -114.091    -109.435
 -104.981    -100.598     -96.1918    -91.9154    -87.7696    -83.6473
  -79.6553    -75.8055    -72.0504    -68.3544    -64.8009    -61.3655
  -58.0726    -54.8504    -51.7588    -48.8329    -45.9782    -43.2654
  -40.6001    -38.1126    -35.7552    -33.4218    -31.2303    -29.1217
  -27.0843    -25.1653    -23.2701    -21.5049    -19.8347    -18.1526
  -16.6128    -15.061     -13.6277    -12.1942    -10.844      -9.54078
   -8.23782    -7.06517    -5.89253    -4.74337    -3.66543    -2.59937
   -1.55704    -0.585691    0.350304    1.25043     2.15082     2.95624
    3.7854      4.53172     5.28991     5.96501     6.67597     7.29197
    7.87236     8.41714     8.96216     9.50694     9.99262    10.3836
   10.8574     11.2009     11.5681     11.9118     12.2553     12.5751
   12.8951     13.132      13.4042     13.5939     13.8189     14.0558
   14.269      14.3993     14.6009     14.7547     14.8731     15.0272
   15.1813     15.3234     15.4654     15.5485     15.6551     15.7616
   15.892      16.0223     16.046      16.1289     16.2117     16.2948
   16.3658     16.4605     16.4961     16.5789     16.6145     16.6502
   16.7093     16.733      16.7805     16.8158     16.8871     16.9108
   16.958      16.958      16.958      16.9818     17.0055     17.0409
   17.0646     17.1121     17.124      17.0884     17.1121     17.1358
   17.1593     17.2068     17.1831     17.1949     17.1831     17.2424
   17.2662     17.2543     17.2896     17.2896     17.3015     17.349
   17.3609     17.3846     17.4437     17.4912     17.4912     17.5503
   17.574   ]",,,,,,,,
19,RCB_IJ22_rev_lt_lp1_pXD_01.txt,all,lt,lp1,"['', 'Users', 'rbramant', 'Documents', 'Scripts', 'python', '8-13GuiAnalysis', 'data', 'all']",pXD,IJ22,01,rev,SERFC215 racetrack sim,RCB,0.6273214276292115,18.7351,45.7202,5.3735,0.4096,13.1188,10.294897334136346,206.35446433681062,"[ 1.3   1.29  1.28  1.27  1.26  1.25  1.24  1.23  1.22  1.21  1.2   1.19
  1.18  1.17  1.16  1.15  1.14  1.13  1.12  1.11  1.1   1.09  1.08  1.07
  1.06  1.05  1.04  1.03  1.02  1.01  1.    0.99  0.98  0.97  0.96  0.95
  0.94  0.93  0.92  0.91  0.9   0.89  0.88  0.87  0.86  0.85  0.84  0.83
  0.82  0.81  0.8   0.79  0.78  0.77  0.76  0.75  0.74  0.73  0.72  0.71
  0.7   0.69  0.68  0.67  0.66  0.65  0.64  0.63  0.62  0.61  0.6   0.59
  0.58  0.57  0.56  0.55  0.54  0.53  0.52  0.51  0.5   0.49  0.48  0.47
  0.46  0.45  0.44  0.43  0.42  0.41  0.4   0.39  0.38  0.37  0.36  0.35
  0.34  0.33  0.32  0.31  0.3   0.29  0.28  0.27  0.26  0.25  0.24  0.23
  0.22  0.21  0.2   0.19  0.18  0.17  0.16  0.15  0.14  0.13  0.12  0.11
  0.1   0.09  0.08  0.07  0.06  0.05  0.04  0.03  0.02  0.01  0.   -0.01
 -0.02 -0.03 -0.04 -0.05 -0.06 -0.07 -0.08 -0.09 -0.1  -0.11 -0.12 -0.13
 -0.14 -0.15 -0.16 -0.17 -0.18 -0.19 -0.2 ]","[-158.49     -161.617    -161.925    -160.61     -158.454    -155.587
 -152.33     -148.74     -145.104    -141.242    -137.368    -133.447
 -129.455    -125.428    -121.46     -117.598    -113.653    -109.815
 -105.989    -102.246     -98.5262    -94.8424    -91.2648    -87.806
  -84.3113    -80.9828    -77.7015    -74.4911    -71.3758    -68.3196
  -65.3817    -62.527     -59.6958    -56.9833    -54.4127    -51.8422
  -49.3663    -47.0091    -44.7111    -42.4484    -40.2806    -38.1841
  -36.1583    -34.1684    -32.2257    -30.3895    -28.5771    -26.8239
  -25.0827    -23.4004    -21.8368    -20.2259    -18.7333    -17.2288
  -15.7483    -14.3503    -12.988     -11.6259    -10.3583     -9.09072
   -7.83523    -6.68607    -5.50156    -4.37614    -3.32195    -2.24401
   -1.22518    -0.253825    0.693788    1.55856     2.45869     3.28811
    4.1054      4.91082     5.60991     6.30875     6.98385     7.63546
    8.2752      8.79648     9.38874     9.87442    10.3838     10.822
   11.284      11.6868     12.054      12.4094     12.7647     13.1082
   13.3807     13.7007     13.9849     14.2693     14.4943     14.7431
   14.9681     15.205      15.3947     15.6434     15.8091     16.0107
   16.1645     16.3898     16.5436     16.6739     16.8636     17.0174
   17.1358     17.2308     17.3374     17.4558     17.5862     17.669
   17.7993     17.894      17.9652     18.0481     18.1191     18.1784
   18.2494     18.3325     18.3559     18.4153     18.4744     18.5219
   18.6047     18.6166     18.6522     18.6997     18.7351     18.7825
   18.8182     18.8416     18.8772     18.9247     18.9366     19.0194
   19.0194     19.0432     19.1379     19.1379     19.1616     19.2207
   19.2682     19.3276     19.4104     19.4223     19.4576     19.5761
   19.5998  ]",,,,,,,,
